-- 002_seed_data_complete.sql
-- Complete seed data for ALL 11 periods of Epic: Call Stabilization
-- Source: doc-data/Эпик_ Стабилизация звонков.html
-- Periods: 01.01.2026 – 26.03.2026

DELETE FROM period_statistics;
DELETE FROM tasks;
DELETE FROM periods;

-- ============================================================
-- PERIODS (11 records)
-- ============================================================

INSERT INTO periods (id, start_date, end_date, created_at) VALUES
('a1b2c3d4-0101-4000-8000-000000000001', '2026-01-01', '2026-01-08', '2026-01-08T18:00:00+03:00'::timestamptz),
('a1b2c3d4-0102-4000-8000-000000000002', '2026-01-09', '2026-01-15', '2026-01-15T18:00:00+03:00'::timestamptz),
('a1b2c3d4-0103-4000-8000-000000000003', '2026-01-16', '2026-01-22', '2026-01-22T18:00:00+03:00'::timestamptz),
('a1b2c3d4-0104-4000-8000-000000000004', '2026-01-23', '2026-01-29', '2026-01-29T18:00:00+03:00'::timestamptz),
('a1b2c3d4-0105-4000-8000-000000000005', '2026-01-30', '2026-02-05', '2026-02-05T18:00:00+03:00'::timestamptz),
('a1b2c3d4-0106-4000-8000-000000000006', '2026-02-06', '2026-02-12', '2026-02-12T18:00:00+03:00'::timestamptz),
('a1b2c3d4-0107-4000-8000-000000000007', '2026-02-13', '2026-02-19', '2026-02-19T18:00:00+03:00'::timestamptz),
('a1b2c3d4-0108-4000-8000-000000000008', '2026-02-20', '2026-02-26', '2026-02-26T18:00:00+03:00'::timestamptz),
('a1b2c3d4-0109-4000-8000-000000000009', '2026-02-27', '2026-03-06', '2026-03-06T18:00:00+03:00'::timestamptz),
('a1b2c3d4-0110-4000-8000-000000000010', '2026-03-10', '2026-03-19', '2026-03-19T18:00:00+03:00'::timestamptz),
('a1b2c3d4-0111-4000-8000-000000000011', '2026-03-20', '2026-03-26', '2026-03-26T18:00:00+03:00'::timestamptz);


-- TASKS: P1 backlog (resolved P2-P4) — 17 tasks
INSERT INTO tasks (id, title, creation_period_id, active_period_id, priority, status, link, created_at) VALUES
(gen_random_uuid(), 'Аналитика - Фоллоуапп: ai track not found (4,8k)',
 'a1b2c3d4-0101-4000-8000-000000000001', 'a1b2c3d4-0102-4000-8000-000000000002',
 'Критический', 'Завершена', NULL, '2026-01-01'::timestamptz),
(gen_random_uuid(), 'Аналитика - Старт звонка: callToken not found (5,3к)',
 'a1b2c3d4-0101-4000-8000-000000000001', 'a1b2c3d4-0102-4000-8000-000000000002',
 'Критический', 'Завершена', NULL, '2026-01-01'::timestamptz),
(gen_random_uuid(), 'Веб: При выключении разрешения на микрофон посреди звонка, статус не меняется',
 'a1b2c3d4-0101-4000-8000-000000000001', 'a1b2c3d4-0103-4000-8000-000000000003',
 'Критический', 'Завершена', NULL, '2026-01-01'::timestamptz),
(gen_random_uuid(), 'Веб: call: 0236590: При переключении устройства микрофона зависает иконка',
 'a1b2c3d4-0101-4000-8000-000000000001', 'a1b2c3d4-0103-4000-8000-000000000003',
 'Нормальный', 'Завершена', 'http://jabber.bx/view.php?id=236590', '2026-01-01'::timestamptz),
(gen_random_uuid(), 'Веб: Не удалось начать видеоконференцию из события CRM',
 'a1b2c3d4-0101-4000-8000-000000000001', 'a1b2c3d4-0103-4000-8000-000000000003',
 'Критический', 'Завершена', NULL, '2026-01-01'::timestamptz),
(gen_random_uuid(), 'Авария: call: AI-резюме. Некорректная отдача файла трека - JSON invalid_token',
 'a1b2c3d4-0101-4000-8000-000000000001', 'a1b2c3d4-0103-4000-8000-000000000003',
 'Критический', 'Завершена', NULL, '2026-01-01'::timestamptz),
(gen_random_uuid(), 'Авария: callcontroller: Облачная запись. OOM при обработке длинных видеозаписей',
 'a1b2c3d4-0101-4000-8000-000000000001', 'a1b2c3d4-0103-4000-8000-000000000003',
 'Критический', 'Завершена', NULL, '2026-01-01'::timestamptz),
(gen_random_uuid(), 'Бек: Рефакторинг работы с архивами RTP-пакетов. Переход на динамическое чтение',
 'a1b2c3d4-0101-4000-8000-000000000001', 'a1b2c3d4-0103-4000-8000-000000000003',
 'Критический', 'Завершена', NULL, '2026-01-01'::timestamptz),
(gen_random_uuid(), 'call: 0238684: PHP: Attempt to assign property efficiencyValue on string',
 'a1b2c3d4-0101-4000-8000-000000000001', 'a1b2c3d4-0103-4000-8000-000000000003',
 'Нормальный', 'Завершена', 'http://jabber.bx/view.php?id=238684', '2026-01-01'::timestamptz),
(gen_random_uuid(), 'Веб: При звонке по кнопке Видеозвонок в профиле - открывается новая вкладка чата',
 'a1b2c3d4-0101-4000-8000-000000000001', 'a1b2c3d4-0104-4000-8000-000000000004',
 'Критический', 'Завершена', NULL, '2026-01-01'::timestamptz),
(gen_random_uuid(), 'МП: Не переключается на второй шаринг, если активен первый',
 'a1b2c3d4-0101-4000-8000-000000000001', 'a1b2c3d4-0104-4000-8000-000000000004',
 'Нормальный', 'Завершена', NULL, '2026-01-01'::timestamptz),
(gen_random_uuid(), 'МП: iOS-юзер не видит поток второго шаринга',
 'a1b2c3d4-0101-4000-8000-000000000001', 'a1b2c3d4-0104-4000-8000-000000000004',
 'Критический', 'Завершена', NULL, '2026-01-01'::timestamptz),
(gen_random_uuid(), 'Не прикрепляется запись после сообщения Запись звонка обрабатывается',
 'a1b2c3d4-0101-4000-8000-000000000001', 'a1b2c3d4-0104-4000-8000-000000000004',
 'Критический', 'Завершена', 'http://jabber.bx/view.php?id=237390', '2026-01-01'::timestamptz),
(gen_random_uuid(), 'Бек: отчет отображение звонков 1-на-1 и групповых разделить',
 'a1b2c3d4-0101-4000-8000-000000000001', 'a1b2c3d4-0104-4000-8000-000000000004',
 'Нормальный', 'Завершена', NULL, '2026-01-01'::timestamptz),
(gen_random_uuid(), 'Веб: В групповых в PiP виден свой шаринг, когда никто не говорил',
 'a1b2c3d4-0101-4000-8000-000000000001', 'a1b2c3d4-0104-4000-8000-000000000004',
 'Нормальный', 'Завершена', NULL, '2026-01-01'::timestamptz),
(gen_random_uuid(), 'МП: Ошибка переподключения между режимами Wifi и LTE',
 'a1b2c3d4-0101-4000-8000-000000000001', 'a1b2c3d4-0104-4000-8000-000000000004',
 'Критический', 'Завершена', NULL, '2026-01-01'::timestamptz),
(gen_random_uuid(), 'Аналитика - Старт звонка: Unknown error - undefined undefined (4,3к из 8к)',
 'a1b2c3d4-0101-4000-8000-000000000001', 'a1b2c3d4-0104-4000-8000-000000000004',
 'Нормальный', 'Завершена', NULL, '2026-01-01'::timestamptz);

-- TASKS: P2 (09.01-15.01.2026) — 2 tasks, 1 crit
INSERT INTO tasks (id, title, creation_period_id, active_period_id, priority, status, link, created_at) VALUES
(gen_random_uuid(), 'Веб: Едет верстка ползунка личного качества камеры в Safari',
 'a1b2c3d4-0102-4000-8000-000000000002', 'a1b2c3d4-0106-4000-8000-000000000006',
 'Нормальный', 'Завершена', 'http://jabber.bx/view.php?id=238200', '2026-01-09'::timestamptz),
(gen_random_uuid(), 'Краш при старте звонка на Android 14-16',
 'a1b2c3d4-0102-4000-8000-000000000002', 'a1b2c3d4-0107-4000-8000-000000000007',
 'Критический', 'Завершена', NULL, '2026-01-09'::timestamptz);

-- TASKS: P3 (16.01-22.01.2026) — 18 tasks, 10 crit
INSERT INTO tasks (id, title, creation_period_id, active_period_id, priority, status, link, created_at) VALUES
(gen_random_uuid(), 'МП: В рисенте МП иногда зависает уже завершённый звонок',
 'a1b2c3d4-0103-4000-8000-000000000003', 'a1b2c3d4-0104-4000-8000-000000000004',
 'Критический', 'Завершена', 'http://jabber.bx/view.php?id=238245', '2026-01-16'::timestamptz),
(gen_random_uuid(), 'МП: Шаринг пропадает у юзера МП в звонках на 2-х, при реконнекте шарящего',
 'a1b2c3d4-0103-4000-8000-000000000003', 'a1b2c3d4-0104-4000-8000-000000000004',
 'Критический', 'Завершена', 'http://jabber.bx/view.php?id=237983', '2026-01-16'::timestamptz),
(gen_random_uuid(), 'callmobile: 0238343: Шаринг. При рекконекте заблокированного телефона не восстановится поток',
 'a1b2c3d4-0103-4000-8000-000000000003', 'a1b2c3d4-0104-4000-8000-000000000004',
 'Критический', 'Завершена', 'http://jabber.bx/view.php?id=238343', '2026-01-16'::timestamptz),
(gen_random_uuid(), 'callmobile: 0238402: Веб+МП. При реконнекте с длительным разрывом peerConnect',
 'a1b2c3d4-0103-4000-8000-000000000003', 'a1b2c3d4-0111-4000-8000-000000000011',
 'Критический', 'В работе', 'http://jabber.bx/view.php?id=238402', '2026-01-16'::timestamptz),
(gen_random_uuid(), 'call: 0238434: PHP: При проблеме скачивания файлов облачной записи - запись не придёт в чат',
 'a1b2c3d4-0103-4000-8000-000000000003', 'a1b2c3d4-0104-4000-8000-000000000004',
 'Критический', 'Завершена', 'http://jabber.bx/view.php?id=238434', '2026-01-16'::timestamptz),
(gen_random_uuid(), 'Бек: callcontroller: 0235776: ОБЛАЧКА При паузе облачной записи - нет склейки',
 'a1b2c3d4-0103-4000-8000-000000000003', 'a1b2c3d4-0111-4000-8000-000000000011',
 'Критический', 'В работе', NULL, '2026-01-16'::timestamptz),
(gen_random_uuid(), 'callmobile: 238520: Проблемы с установлением соединения в звонке 1-1 между Android и iOS',
 'a1b2c3d4-0103-4000-8000-000000000003', 'a1b2c3d4-0111-4000-8000-000000000011',
 'Критический', 'В работе', 'http://jabber.bx/view.php?id=238520', '2026-01-16'::timestamptz),
(gen_random_uuid(), 'callmobile: 0238639: Android. 1на1. Если закрыть МП и ответить из заблокированного экрана',
 'a1b2c3d4-0103-4000-8000-000000000003', 'a1b2c3d4-0111-4000-8000-000000000011',
 'Критический', 'В работе', 'http://jabber.bx/view.php?id=238639', '2026-01-16'::timestamptz),
(gen_random_uuid(), 'call: 0238641: На Маке не работает автооткрытие PiP при смене фокуса в десктопе',
 'a1b2c3d4-0103-4000-8000-000000000003', 'a1b2c3d4-0109-4000-8000-000000000009',
 'Критический', 'Завершена', 'http://jabber.bx/view.php?id=238641', '2026-01-16'::timestamptz),
(gen_random_uuid(), 'callmobile: 0238691: Отображается завершенный звонок в рисенте после отказа от звонка',
 'a1b2c3d4-0103-4000-8000-000000000003', 'a1b2c3d4-0106-4000-8000-000000000006',
 'Критический', 'Завершена', 'http://jabber.bx/view.php?id=238691', '2026-01-16'::timestamptz),
(gen_random_uuid(), 'Не дизейблятся элементы контекстного меню при переключении между табами',
 'a1b2c3d4-0103-4000-8000-000000000003', 'a1b2c3d4-0111-4000-8000-000000000011',
 'Нормальный', 'В работе', 'http://jabber.bx/view.php?id=238223', '2026-01-16'::timestamptz),
(gen_random_uuid(), 'Бек: Старая схема Wrong mediaserver response 404 Not Found при старте фоллоуапа',
 'a1b2c3d4-0103-4000-8000-000000000003', 'a1b2c3d4-0111-4000-8000-000000000011',
 'Нормальный', 'В работе', 'http://jabber.bx/view.php?id=238130', '2026-01-16'::timestamptz),
(gen_random_uuid(), 'Медиа: При реконнекте юзера, временно пропадает карточка пользователя (participantLeft)',
 'a1b2c3d4-0103-4000-8000-000000000003', 'a1b2c3d4-0107-4000-8000-000000000007',
 'Нормальный', 'Завершена', 'http://jabber.bx/view.php?id=238124', '2026-01-16'::timestamptz),
(gen_random_uuid(), 'callmobile: 0238374: Follow-up. В 1на1 невозможно выключить анализ из МП',
 'a1b2c3d4-0103-4000-8000-000000000003', 'a1b2c3d4-0104-4000-8000-000000000004',
 'Нормальный', 'Завершена', 'http://jabber.bx/view.php?id=238374', '2026-01-16'::timestamptz),
(gen_random_uuid(), 'Медиа: ОБЛАЧКА Если текущий спикер вырубит камеру - фокус перейдет на прошлого спикера',
 'a1b2c3d4-0103-4000-8000-000000000003', 'a1b2c3d4-0111-4000-8000-000000000011',
 'Нормальный', 'В работе', 'http://jabber.bx/view.php?id=238468', '2026-01-16'::timestamptz),
(gen_random_uuid(), 'mobile.ios: 0238562: 1на1. При быстром выкл-вкл камеры - камера считается выключенной',
 'a1b2c3d4-0103-4000-8000-000000000003', 'a1b2c3d4-0107-4000-8000-000000000007',
 'Нормальный', 'Завершена', 'http://jabber.bx/view.php?id=238562', '2026-01-16'::timestamptz),
(gen_random_uuid(), 'call: 0238580: Облачная запись пришла в чат несколько раз',
 'a1b2c3d4-0103-4000-8000-000000000003', 'a1b2c3d4-0108-4000-8000-000000000008',
 'Нормальный', 'Завершена', 'http://jabber.bx/view.php?id=238580', '2026-01-16'::timestamptz),
(gen_random_uuid(), 'desktop: 238609: В десктопном приложении некорректно отображаются кнопки звонка',
 'a1b2c3d4-0103-4000-8000-000000000003', 'a1b2c3d4-0107-4000-8000-000000000007',
 'Нормальный', 'Завершена', 'http://jabber.bx/view.php?id=238609', '2026-01-16'::timestamptz);

-- TASKS: P4 (23.01-29.01.2026) — 8 tasks, 3 crit
INSERT INTO tasks (id, title, creation_period_id, active_period_id, priority, status, link, created_at) VALUES
(gen_random_uuid(), 'call: 0238792: В вебе у шаринга сбрасывает закрепление при рекконекте шарящего',
 'a1b2c3d4-0104-4000-8000-000000000004', 'a1b2c3d4-0106-4000-8000-000000000006',
 'Критический', 'Завершена', 'http://jabber.bx/view.php?id=238792', '2026-01-23'::timestamptz),
(gen_random_uuid(), 'call: 0238806: Не открывается чат активного звонка при его сворачивании',
 'a1b2c3d4-0104-4000-8000-000000000004', 'a1b2c3d4-0104-4000-8000-000000000004',
 'Критический', 'Завершена', 'http://jabber.bx/view.php?id=238806', '2026-01-23'::timestamptz),
(gen_random_uuid(), 'callmobile: 0238828: При реконнекте смены сети в 1-1 - чёрный экран',
 'a1b2c3d4-0104-4000-8000-000000000004', 'a1b2c3d4-0104-4000-8000-000000000004',
 'Критический', 'Завершена', 'http://jabber.bx/view.php?id=238828', '2026-01-23'::timestamptz),
(gen_random_uuid(), 'DEV-media: 0238721: Не доходит сигнал recordingReady для облачной аудиозаписи',
 'a1b2c3d4-0104-4000-8000-000000000004', 'a1b2c3d4-0106-4000-8000-000000000006',
 'Нормальный', 'Завершена', 'http://jabber.bx/view.php?id=238721', '2026-01-23'::timestamptz),
(gen_random_uuid(), 'callmobile: 0239053: 1на1. При быстрой отмене вызова в МП остается карточка звонка',
 'a1b2c3d4-0104-4000-8000-000000000004', 'a1b2c3d4-0111-4000-8000-000000000011',
 'Нормальный', 'В работе', 'http://jabber.bx/view.php?id=239053', '2026-01-23'::timestamptz),
(gen_random_uuid(), 'call: 0239038: 1на1. При отмене вызова отображается не соответствующий статус',
 'a1b2c3d4-0104-4000-8000-000000000004', 'a1b2c3d4-0111-4000-8000-000000000011',
 'Нормальный', 'В работе', 'http://jabber.bx/view.php?id=239038', '2026-01-23'::timestamptz),
(gen_random_uuid(), 'call: 0239063: Подвисает уведомление о говорящем участнике после реконнектов',
 'a1b2c3d4-0104-4000-8000-000000000004', 'a1b2c3d4-0108-4000-8000-000000000008',
 'Нормальный', 'Завершена', 'http://jabber.bx/view.php?id=239063', '2026-01-23'::timestamptz),
(gen_random_uuid(), 'callcontroller: 0239102: Облачная запись - рассинхрон смены фокуса и аудиодорожки',
 'a1b2c3d4-0104-4000-8000-000000000004', 'a1b2c3d4-0111-4000-8000-000000000011',
 'Нормальный', 'В работе', 'http://jabber.bx/view.php?id=239102', '2026-01-23'::timestamptz);

-- TASKS: P5 (30.01-05.02.2026) — 5 tasks, 3 crit
INSERT INTO tasks (id, title, creation_period_id, active_period_id, priority, status, link, created_at) VALUES
(gen_random_uuid(), 'callmobile: 0239164: При звонке 1на1 занятому юзеру - крашится приложение',
 'a1b2c3d4-0105-4000-8000-000000000005', 'a1b2c3d4-0106-4000-8000-000000000006',
 'Критический', 'Завершена', 'http://jabber.bx/view.php?id=239164', '2026-01-30'::timestamptz),
(gen_random_uuid(), 'callmobile: 239000: Alert: внутренняя ошибка при подключении к завершенному звонку',
 'a1b2c3d4-0105-4000-8000-000000000005', 'a1b2c3d4-0106-4000-8000-000000000006',
 'Критический', 'Завершена', 'http://jabber.bx/view.php?id=239000', '2026-01-30'::timestamptz),
(gen_random_uuid(), 'callmobile: 0239328: После группового звонка позвонить 1на1 - ошибка undefined',
 'a1b2c3d4-0105-4000-8000-000000000005', 'a1b2c3d4-0106-4000-8000-000000000006',
 'Критический', 'Завершена', 'http://jabber.bx/view.php?id=239328', '2026-01-30'::timestamptz),
(gen_random_uuid(), 'call: 0239280: Не реализована непрерывность скриншаринга при переходе из 1-1 в групповой',
 'a1b2c3d4-0105-4000-8000-000000000005', 'a1b2c3d4-0111-4000-8000-000000000011',
 'Нормальный', 'В работе', 'http://jabber.bx/view.php?id=239280', '2026-01-30'::timestamptz),
(gen_random_uuid(), 'call: 0239349 / callmobile: 0239338: Статус Звонок на другом устройстве',
 'a1b2c3d4-0105-4000-8000-000000000005', 'a1b2c3d4-0111-4000-8000-000000000011',
 'Нормальный', 'В работе', 'http://jabber.bx/view.php?id=239349', '2026-01-30'::timestamptz);

-- TASKS: P6 (06.02-12.02.2026) — 17 tasks, 8 crit
INSERT INTO tasks (id, title, creation_period_id, active_period_id, priority, status, link, created_at) VALUES
(gen_random_uuid(), 'Авария: call: 239585: Невозможно войти в видеоконференцию из свободных слотов',
 'a1b2c3d4-0106-4000-8000-000000000006', 'a1b2c3d4-0106-4000-8000-000000000006',
 'Критический', 'Завершена', 'http://jabber.bx/view.php?id=239585', '2026-02-06'::timestamptz),
(gen_random_uuid(), 'Авария: call: 0239583: Не создается конференция со страницы /conference/',
 'a1b2c3d4-0106-4000-8000-000000000006', 'a1b2c3d4-0107-4000-8000-000000000007',
 'Критический', 'Завершена', 'http://jabber.bx/view.php?id=239583', '2026-02-06'::timestamptz),
(gen_random_uuid(), 'Авария: call: 0239591: Гостем в видеоконференцию запрашивается авторизация',
 'a1b2c3d4-0106-4000-8000-000000000006', 'a1b2c3d4-0106-4000-8000-000000000006',
 'Критический', 'Завершена', 'http://jabber.bx/view.php?id=239591', '2026-02-06'::timestamptz),
(gen_random_uuid(), 'Авария: call: 0239690: Гость не может подключиться к видеоконференции',
 'a1b2c3d4-0106-4000-8000-000000000006', 'a1b2c3d4-0106-4000-8000-000000000006',
 'Критический', 'Завершена', 'http://jabber.bx/view.php?id=239690', '2026-02-06'::timestamptz),
(gen_random_uuid(), 'Авария: call: 0239733: Гость не может отправлять сообщения в чат конференции',
 'a1b2c3d4-0106-4000-8000-000000000006', 'a1b2c3d4-0106-4000-8000-000000000006',
 'Критический', 'Завершена', 'http://jabber.bx/view.php?id=239733', '2026-02-06'::timestamptz),
(gen_random_uuid(), 'call: 0239582: Не получается записать звонок на коробочном портале',
 'a1b2c3d4-0106-4000-8000-000000000006', 'a1b2c3d4-0106-4000-8000-000000000006',
 'Критический', 'Завершена', 'http://jabber.bx/view.php?id=239582', '2026-02-06'::timestamptz),
(gen_random_uuid(), 'call: 0239624: PLAIN_NO_CALL при попытке позвонить занятому пользователю',
 'a1b2c3d4-0106-4000-8000-000000000006', 'a1b2c3d4-0106-4000-8000-000000000006',
 'Критический', 'Завершена', 'http://jabber.bx/view.php?id=239624', '2026-02-06'::timestamptz),
(gen_random_uuid(), 'call: 0239688: Firefox собеседника слышно только в одном наушнике',
 'a1b2c3d4-0106-4000-8000-000000000006', 'a1b2c3d4-0108-4000-8000-000000000008',
 'Критический', 'Завершена', 'http://jabber.bx/view.php?id=239688', '2026-02-06'::timestamptz),
(gen_random_uuid(), 'call: 0239819: Видеоконференции. В чате нет системного сообщения о подключении гостя',
 'a1b2c3d4-0106-4000-8000-000000000006', 'a1b2c3d4-0111-4000-8000-000000000011',
 'Нормальный', 'Завершена', 'http://jabber.bx/view.php?id=239819', '2026-02-06'::timestamptz),
(gen_random_uuid(), 'callmobile: 0239901: Не отображается информация о звонках 1 на 1 в списке',
 'a1b2c3d4-0106-4000-8000-000000000006', 'a1b2c3d4-0107-4000-8000-000000000007',
 'Нормальный', 'Завершена', 'http://jabber.bx/view.php?id=239901', '2026-02-06'::timestamptz),
(gen_random_uuid(), 'callmobile: 0239925: JWT 1-1. Шаринг + фоллоуап - пустой поток на iOS',
 'a1b2c3d4-0106-4000-8000-000000000006', 'a1b2c3d4-0111-4000-8000-000000000011',
 'Нормальный', 'В работе', 'http://jabber.bx/view.php?id=239925', '2026-02-06'::timestamptz),
(gen_random_uuid(), 'callcontroller: 0329935: Не придет часть записи при переключении типа записи',
 'a1b2c3d4-0106-4000-8000-000000000006', 'a1b2c3d4-0110-4000-8000-000000000010',
 'Нормальный', 'Завершена', 'http://jabber.bx/view.php?id=329935', '2026-02-06'::timestamptz),
(gen_random_uuid(), 'call: 0239666: На маке фокус возвращается на звонок при переключении рабочего стола',
 'a1b2c3d4-0106-4000-8000-000000000006', 'a1b2c3d4-0111-4000-8000-000000000011',
 'Нормальный', 'В работе', 'http://jabber.bx/view.php?id=239666', '2026-02-06'::timestamptz),
(gen_random_uuid(), 'callmobile: 0239782: На iOS в ландскейпе не хватает отступа для кнопок',
 'a1b2c3d4-0106-4000-8000-000000000006', 'a1b2c3d4-0110-4000-8000-000000000010',
 'Нормальный', 'Завершена', 'http://jabber.bx/view.php?id=239782', '2026-02-06'::timestamptz),
(gen_random_uuid(), 'call: 0239821: Гостю недоступен чат конференции до её начала',
 'a1b2c3d4-0106-4000-8000-000000000006', 'a1b2c3d4-0107-4000-8000-000000000007',
 'Нормальный', 'Завершена', 'http://jabber.bx/view.php?id=239821', '2026-02-06'::timestamptz),
(gen_random_uuid(), 'callcontroller: 0239918: Нет данных об участнике после перезапуска рекордера',
 'a1b2c3d4-0106-4000-8000-000000000006', 'a1b2c3d4-0111-4000-8000-000000000011',
 'Нормальный', 'В работе', 'http://jabber.bx/view.php?id=239918', '2026-02-06'::timestamptz),
(gen_random_uuid(), 'callmobile: 0239919: Не передается пол участника в уведомлениях',
 'a1b2c3d4-0106-4000-8000-000000000006', 'a1b2c3d4-0109-4000-8000-000000000009',
 'Нормальный', 'Завершена', 'http://jabber.bx/view.php?id=239919', '2026-02-06'::timestamptz);

-- TASKS: P7 (13.02-19.02.2026) — 13 tasks, 8 crit
INSERT INTO tasks (id, title, creation_period_id, active_period_id, priority, status, link, created_at) VALUES
(gen_random_uuid(), 'call: 0240057: Не открывается меню создания протокола встречи',
 'a1b2c3d4-0107-4000-8000-000000000007', 'a1b2c3d4-0107-4000-8000-000000000007',
 'Критический', 'Завершена', 'http://jabber.bx/view.php?id=240057', '2026-02-13'::timestamptz),
(gen_random_uuid(), 'callmobile: 0240098: Ошибка undefined при звонке МП веб-юзеру занятому в звонке',
 'a1b2c3d4-0107-4000-8000-000000000007', 'a1b2c3d4-0107-4000-8000-000000000007',
 'Критический', 'Завершена', 'http://jabber.bx/view.php?id=240098', '2026-02-13'::timestamptz),
(gen_random_uuid(), 'call: 0240218: В активном звонке на других вкладках приходит вызов',
 'a1b2c3d4-0107-4000-8000-000000000007', 'a1b2c3d4-0109-4000-8000-000000000009',
 'Критический', 'Завершена', 'http://jabber.bx/view.php?id=240218', '2026-02-13'::timestamptz),
(gen_random_uuid(), 'callmobile: 0240071: При звонке МП занятому веб-юзеру появляется комната звонка',
 'a1b2c3d4-0107-4000-8000-000000000007', 'a1b2c3d4-0107-4000-8000-000000000007',
 'Критический', 'Завершена', 'http://jabber.bx/view.php?id=240071', '2026-02-13'::timestamptz),
(gen_random_uuid(), 'callmobile: 0240215: Невозможно принять звонок в МП при звонке из веб',
 'a1b2c3d4-0107-4000-8000-000000000007', 'a1b2c3d4-0107-4000-8000-000000000007',
 'Критический', 'Завершена', 'http://jabber.bx/view.php?id=240215', '2026-02-13'::timestamptz),
(gen_random_uuid(), 'callmobile: 0240404: iOS. Нельзя переключить вывод звука при наушниках',
 'a1b2c3d4-0107-4000-8000-000000000007', 'a1b2c3d4-0110-4000-8000-000000000010',
 'Критический', 'Завершена', 'http://jabber.bx/view.php?id=240404', '2026-02-13'::timestamptz),
(gen_random_uuid(), 'call: 0240462: Нет видеопотока при звонке с Firefox',
 'a1b2c3d4-0107-4000-8000-000000000007', 'a1b2c3d4-0109-4000-8000-000000000009',
 'Критический', 'Завершена', 'http://jabber.bx/view.php?id=240462', '2026-02-13'::timestamptz),
(gen_random_uuid(), 'Бек GO: обновление запада',
 'a1b2c3d4-0107-4000-8000-000000000007', 'a1b2c3d4-0111-4000-8000-000000000011',
 'Критический', 'В работе', NULL, '2026-02-13'::timestamptz),
(gen_random_uuid(), 'call: 0240245: Видеоконференции. Не сохраняются реакции от гостя',
 'a1b2c3d4-0107-4000-8000-000000000007', 'a1b2c3d4-0107-4000-8000-000000000007',
 'Нормальный', 'Завершена', 'http://jabber.bx/view.php?id=240245', '2026-02-13'::timestamptz),
(gen_random_uuid(), 'callmobile: 0240399: Неверное число участников группового звонка в МП',
 'a1b2c3d4-0107-4000-8000-000000000007', 'a1b2c3d4-0109-4000-8000-000000000009',
 'Нормальный', 'Завершена', 'http://jabber.bx/view.php?id=240399', '2026-02-13'::timestamptz),
(gen_random_uuid(), 'callmobile: 0240465: У создавшего группового звонка в названии Групповой звонок',
 'a1b2c3d4-0107-4000-8000-000000000007', 'a1b2c3d4-0109-4000-8000-000000000009',
 'Нормальный', 'Завершена', 'http://jabber.bx/view.php?id=240465', '2026-02-13'::timestamptz),
(gen_random_uuid(), 'callmobile: 0240502: Можно создать групповой звонок с самим собой',
 'a1b2c3d4-0107-4000-8000-000000000007', 'a1b2c3d4-0109-4000-8000-000000000009',
 'Нормальный', 'Завершена', 'http://jabber.bx/view.php?id=240502', '2026-02-13'::timestamptz),
(gen_random_uuid(), 'call: 0240507: Можно начать звонок из события если участник отказался',
 'a1b2c3d4-0107-4000-8000-000000000007', 'a1b2c3d4-0111-4000-8000-000000000011',
 'Нормальный', 'В работе', 'http://jabber.bx/view.php?id=240507', '2026-02-13'::timestamptz);

-- TASKS: P8 (20.02-26.02.2026) — 17 tasks, 5 crit
INSERT INTO tasks (id, title, creation_period_id, active_period_id, priority, status, link, created_at) VALUES
(gen_random_uuid(), 'Авария: callcontroller: 0240744: Проблемы на stage-кластере 24.02.2026',
 'a1b2c3d4-0108-4000-8000-000000000008', 'a1b2c3d4-0110-4000-8000-000000000010',
 'Критический', 'Завершена', 'http://jabber.bx/view.php?id=240744', '2026-02-20'::timestamptz),
(gen_random_uuid(), 'call: 0240573: Новые сокеты. При реконнекте мелькает чёрный квадрат',
 'a1b2c3d4-0108-4000-8000-000000000008', 'a1b2c3d4-0111-4000-8000-000000000011',
 'Критический', 'В работе', 'http://jabber.bx/view.php?id=240573', '2026-02-20'::timestamptz),
(gen_random_uuid(), 'call: 0240731: Не скачивается облачная запись звонка',
 'a1b2c3d4-0108-4000-8000-000000000008', 'a1b2c3d4-0110-4000-8000-000000000010',
 'Критический', 'Завершена', 'http://jabber.bx/view.php?id=240731', '2026-02-20'::timestamptz),
(gen_random_uuid(), 'callcontroller: 0240827: Не отображается ошибка начала записи на рекордере',
 'a1b2c3d4-0108-4000-8000-000000000008', 'a1b2c3d4-0110-4000-8000-000000000010',
 'Критический', 'Завершена', 'http://jabber.bx/view.php?id=240827', '2026-02-20'::timestamptz),
(gen_random_uuid(), 'callmobile: 0240841: При откл/вкл камеры на Android - Доступ запрещен',
 'a1b2c3d4-0108-4000-8000-000000000008', 'a1b2c3d4-0110-4000-8000-000000000010',
 'Критический', 'Завершена', 'http://jabber.bx/view.php?id=240841', '2026-02-20'::timestamptz),
(gen_random_uuid(), 'callmobile: 0240595: При реконнекте не отображается статус реконнекта',
 'a1b2c3d4-0108-4000-8000-000000000008', 'a1b2c3d4-0111-4000-8000-000000000011',
 'Нормальный', 'В работе', 'http://jabber.bx/view.php?id=240595', '2026-02-20'::timestamptz),
(gen_random_uuid(), 'callmobile: 0240667: iOS. После вылета отображается активный звонок в рисенте',
 'a1b2c3d4-0108-4000-8000-000000000008', 'a1b2c3d4-0109-4000-8000-000000000009',
 'Нормальный', 'Завершена', 'http://jabber.bx/view.php?id=240667', '2026-02-20'::timestamptz),
(gen_random_uuid(), 'call: 0240644: Follow-up. Нет проверки на дублирование успешного анализа',
 'a1b2c3d4-0108-4000-8000-000000000008', 'a1b2c3d4-0110-4000-8000-000000000010',
 'Нормальный', 'Завершена', 'http://jabber.bx/view.php?id=240644', '2026-02-20'::timestamptz),
(gen_random_uuid(), 'call: 0240738: Старая схема. call.CallManager.answer 401 Unauthorized',
 'a1b2c3d4-0108-4000-8000-000000000008', 'a1b2c3d4-0110-4000-8000-000000000010',
 'Нормальный', 'Завершена', 'http://jabber.bx/view.php?id=240738', '2026-02-20'::timestamptz),
(gen_random_uuid(), 'callmobile: 0240823: На iOS при старте звонка переключается на громкую связь',
 'a1b2c3d4-0108-4000-8000-000000000008', 'a1b2c3d4-0111-4000-8000-000000000011',
 'Нормальный', 'В работе', 'http://jabber.bx/view.php?id=240823', '2026-02-20'::timestamptz),
(gen_random_uuid(), 'callmobile: 0240825: В МП при групповом звонке выбран вывод Телефон',
 'a1b2c3d4-0108-4000-8000-000000000008', 'a1b2c3d4-0109-4000-8000-000000000009',
 'Нормальный', 'Завершена', 'http://jabber.bx/view.php?id=240825', '2026-02-20'::timestamptz),
(gen_random_uuid(), 'callmobile: 0240826: На МП Android при старте 1 на 1 выбран вывод Телефон',
 'a1b2c3d4-0108-4000-8000-000000000008', 'a1b2c3d4-0109-4000-8000-000000000009',
 'Нормальный', 'Завершена', 'http://jabber.bx/view.php?id=240826', '2026-02-20'::timestamptz),
(gen_random_uuid(), 'callmobile: 0240835: На Android нет статусного сообщения о выключении камеры',
 'a1b2c3d4-0108-4000-8000-000000000008', 'a1b2c3d4-0111-4000-8000-000000000011',
 'Нормальный', 'В работе', 'http://jabber.bx/view.php?id=240835', '2026-02-20'::timestamptz),
(gen_random_uuid(), 'call: 0240844: Закрытый контур. Пользователь не видит/не слышит гостя',
 'a1b2c3d4-0108-4000-8000-000000000008', 'a1b2c3d4-0111-4000-8000-000000000011',
 'Нормальный', 'В работе', 'http://jabber.bx/view.php?id=240844', '2026-02-20'::timestamptz),
(gen_random_uuid(), 'call: 0240851: Сообщение о готовности облачной записи приходит с задержкой',
 'a1b2c3d4-0108-4000-8000-000000000008', 'a1b2c3d4-0111-4000-8000-000000000011',
 'Нормальный', 'В работе', 'http://jabber.bx/view.php?id=240851', '2026-02-20'::timestamptz),
(gen_random_uuid(), 'callmobile: 0240864: Статусное сообщение не вмещается при длинных именах',
 'a1b2c3d4-0108-4000-8000-000000000008', 'a1b2c3d4-0109-4000-8000-000000000009',
 'Нормальный', 'Завершена', 'http://jabber.bx/view.php?id=240864', '2026-02-20'::timestamptz),
(gen_random_uuid(), 'callmobile: 0240877: Переключение микрофона на iOS - потеря видеопотока',
 'a1b2c3d4-0108-4000-8000-000000000008', 'a1b2c3d4-0111-4000-8000-000000000011',
 'Нормальный', 'Завершена', 'http://jabber.bx/view.php?id=240877', '2026-02-20'::timestamptz);

-- TASKS: P9 (27.02-06.03.2026) — 13 tasks, 3 crit
INSERT INTO tasks (id, title, creation_period_id, active_period_id, priority, status, link, created_at) VALUES
(gen_random_uuid(), 'call: 0240968: Зависает звонок в рисенте у одного юзера',
 'a1b2c3d4-0109-4000-8000-000000000009', 'a1b2c3d4-0111-4000-8000-000000000011',
 'Критический', 'В работе', 'http://jabber.bx/view.php?id=240968', '2026-02-27'::timestamptz),
(gen_random_uuid(), 'call: 0240982: macOS. При двух окнах чата не открывается групповой звонок',
 'a1b2c3d4-0109-4000-8000-000000000009', 'a1b2c3d4-0111-4000-8000-000000000011',
 'Критический', 'В работе', 'http://jabber.bx/view.php?id=240982', '2026-02-27'::timestamptz),
(gen_random_uuid(), 'callcontroller: 0241130: Облачная запись придет в чат после удаления',
 'a1b2c3d4-0109-4000-8000-000000000009', 'a1b2c3d4-0109-4000-8000-000000000009',
 'Критический', 'Завершена', 'http://jabber.bx/view.php?id=241130', '2026-02-27'::timestamptz),
(gen_random_uuid(), 'call: 0241081: После завершения конференции при шаринге висит плашка',
 'a1b2c3d4-0109-4000-8000-000000000009', 'a1b2c3d4-0110-4000-8000-000000000010',
 'Нормальный', 'Завершена', 'http://jabber.bx/view.php?id=241081', '2026-02-27'::timestamptz),
(gen_random_uuid(), 'call: 0241088: JWT 1-1 при выключении разрешения на микрофон нет звука',
 'a1b2c3d4-0109-4000-8000-000000000009', 'a1b2c3d4-0110-4000-8000-000000000010',
 'Нормальный', 'Завершена', 'http://jabber.bx/view.php?id=241088', '2026-02-27'::timestamptz),
(gen_random_uuid(), 'call: 0241056: При отсутствии камеры автоматически включается микрофон',
 'a1b2c3d4-0109-4000-8000-000000000009', 'a1b2c3d4-0109-4000-8000-000000000009',
 'Нормальный', 'Завершена', 'http://jabber.bx/view.php?id=241056', '2026-02-27'::timestamptz),
(gen_random_uuid(), 'call: 0241092: Ошибка при инициализации звонка без доступа к микрофону',
 'a1b2c3d4-0109-4000-8000-000000000009', 'a1b2c3d4-0110-4000-8000-000000000010',
 'Нормальный', 'Завершена', 'http://jabber.bx/view.php?id=241092', '2026-02-27'::timestamptz),
(gen_random_uuid(), 'call: 0241104: JWT. Микрофон можно включить через панель устройств',
 'a1b2c3d4-0109-4000-8000-000000000009', 'a1b2c3d4-0110-4000-8000-000000000010',
 'Нормальный', 'Завершена', 'http://jabber.bx/view.php?id=241104', '2026-02-27'::timestamptz),
(gen_random_uuid(), 'call: 0241106: При отзыве разрешения на микрофон пропадает видеопоток',
 'a1b2c3d4-0109-4000-8000-000000000009', 'a1b2c3d4-0110-4000-8000-000000000010',
 'Нормальный', 'Завершена', 'http://jabber.bx/view.php?id=241106', '2026-02-27'::timestamptz),
(gen_random_uuid(), 'call: 0241155: Завис звонок 1-1 в БД - не завершается при повторном звонке',
 'a1b2c3d4-0109-4000-8000-000000000009', 'a1b2c3d4-0111-4000-8000-000000000011',
 'Нормальный', 'В работе', 'http://jabber.bx/view.php?id=241155', '2026-02-27'::timestamptz),
(gen_random_uuid(), 'callmobile: 0241226: Не передается фамилия при отключении камеры/микрофона',
 'a1b2c3d4-0109-4000-8000-000000000009', 'a1b2c3d4-0109-4000-8000-000000000009',
 'Нормальный', 'Завершена', 'http://jabber.bx/view.php?id=241226', '2026-02-27'::timestamptz),
(gen_random_uuid(), 'callmobile: 0241348: При старте аудио-звонка подвисает иконка громкой связи',
 'a1b2c3d4-0109-4000-8000-000000000009', 'a1b2c3d4-0111-4000-8000-000000000011',
 'Нормальный', 'В работе', 'http://jabber.bx/view.php?id=241348', '2026-02-27'::timestamptz),
(gen_random_uuid(), 'call: 0241422: Ломается правый список чатов без модуля call',
 'a1b2c3d4-0109-4000-8000-000000000009', 'a1b2c3d4-0110-4000-8000-000000000010',
 'Нормальный', 'Завершена', 'http://jabber.bx/view.php?id=241422', '2026-02-27'::timestamptz);

-- TASKS: P10 (10.03-19.03.2026) — 23 tasks, 7 crit
INSERT INTO tasks (id, title, creation_period_id, active_period_id, priority, status, link, created_at) VALUES
(gen_random_uuid(), 'call: 0241687: Автостарт фоллоуапа включен без подписки маркета',
 'a1b2c3d4-0110-4000-8000-000000000010', 'a1b2c3d4-0110-4000-8000-000000000010',
 'Критический', 'Завершена', 'http://jabber.bx/view.php?id=241687', '2026-03-10'::timestamptz),
(gen_random_uuid(), 'call: 0242180: 1-1 При переключении устройств пропадает звук микрофона',
 'a1b2c3d4-0110-4000-8000-000000000010', 'a1b2c3d4-0110-4000-8000-000000000010',
 'Критический', 'Завершена', 'http://jabber.bx/view.php?id=242180', '2026-03-10'::timestamptz),
(gen_random_uuid(), 'call: 0242206: При переключения спикер/сетка не меняется разрешение потоков',
 'a1b2c3d4-0110-4000-8000-000000000010', 'a1b2c3d4-0111-4000-8000-000000000011',
 'Критический', 'Завершена', 'http://jabber.bx/view.php?id=242206', '2026-03-10'::timestamptz),
(gen_random_uuid(), 'callcontroller: 0242220: Stage. 1-на-1 завершается при входящем вызове',
 'a1b2c3d4-0110-4000-8000-000000000010', 'a1b2c3d4-0111-4000-8000-000000000011',
 'Критический', 'Завершена', 'http://jabber.bx/view.php?id=242220', '2026-03-10'::timestamptz),
(gen_random_uuid(), 'callcontroller: 0242241: Stage. При реконнекте мобилки пропадает карточка',
 'a1b2c3d4-0110-4000-8000-000000000010', 'a1b2c3d4-0111-4000-8000-000000000011',
 'Критический', 'Завершена', 'http://jabber.bx/view.php?id=242241', '2026-03-10'::timestamptz),
(gen_random_uuid(), 'call: 0242246: Залогинен в вебе и мобиле - при принятии в вебе выкинет',
 'a1b2c3d4-0110-4000-8000-000000000010', 'a1b2c3d4-0111-4000-8000-000000000011',
 'Критический', 'В работе', 'http://jabber.bx/view.php?id=242246', '2026-03-10'::timestamptz),
(gen_random_uuid(), 'call: 0241589: Кнопка фоллоуапа активна при выключенном JWT 1-1',
 'a1b2c3d4-0110-4000-8000-000000000010', 'a1b2c3d4-0111-4000-8000-000000000011',
 'Нормальный', 'Завершена', 'http://jabber.bx/view.php?id=241589', '2026-03-10'::timestamptz),
(gen_random_uuid(), 'callmobile: 0241728: При ответе на звонок с iOS звук переключается на телефон',
 'a1b2c3d4-0110-4000-8000-000000000010', 'a1b2c3d4-0111-4000-8000-000000000011',
 'Нормальный', 'В работе', 'http://jabber.bx/view.php?id=241728', '2026-03-10'::timestamptz),
(gen_random_uuid(), 'callmobile: 0241727: Долго загружается шаринг от юзера 2й страницы (10+)',
 'a1b2c3d4-0110-4000-8000-000000000010', 'a1b2c3d4-0110-4000-8000-000000000010',
 'Нормальный', 'Завершена', 'http://jabber.bx/view.php?id=241727', '2026-03-10'::timestamptz),
(gen_random_uuid(), 'callmobile: 0241746: При отклонении вызова и блокировке - повторный вызов',
 'a1b2c3d4-0110-4000-8000-000000000010', 'a1b2c3d4-0111-4000-8000-000000000011',
 'Нормальный', 'В работе', 'http://jabber.bx/view.php?id=241746', '2026-03-10'::timestamptz),
(gen_random_uuid(), 'callmobile: 0241812: Не приходит повторный вызов при заблокированном телефоне',
 'a1b2c3d4-0110-4000-8000-000000000010', 'a1b2c3d4-0111-4000-8000-000000000011',
 'Нормальный', 'В работе', 'http://jabber.bx/view.php?id=241812', '2026-03-10'::timestamptz),
(gen_random_uuid(), 'callmobile: 0241825: Входящие звонки в бесшумном режиме проходят со звуком',
 'a1b2c3d4-0110-4000-8000-000000000010', 'a1b2c3d4-0111-4000-8000-000000000011',
 'Нормальный', 'В работе', 'http://jabber.bx/view.php?id=241825', '2026-03-10'::timestamptz),
(gen_random_uuid(), 'callmobile: 0241922: Занятому юзеру со свернутым звонком придёт вызов',
 'a1b2c3d4-0110-4000-8000-000000000010', 'a1b2c3d4-0111-4000-8000-000000000011',
 'Нормальный', 'В работе', 'http://jabber.bx/view.php?id=241922', '2026-03-10'::timestamptz),
(gen_random_uuid(), 'call: 0241994: macOS. При отключении AirPods не слышно, но микрофон включен',
 'a1b2c3d4-0110-4000-8000-000000000010', 'a1b2c3d4-0111-4000-8000-000000000011',
 'Нормальный', 'В работе', 'http://jabber.bx/view.php?id=241994', '2026-03-10'::timestamptz),
(gen_random_uuid(), 'call: 0241997: При отзыве разрешений на микро и камеру пропадет видео',
 'a1b2c3d4-0110-4000-8000-000000000010', 'a1b2c3d4-0111-4000-8000-000000000011',
 'Нормальный', 'Завершена', 'http://jabber.bx/view.php?id=241997', '2026-03-10'::timestamptz),
(gen_random_uuid(), 'call: 0242033: Открытие devtools инициирует реконнект',
 'a1b2c3d4-0110-4000-8000-000000000010', 'a1b2c3d4-0111-4000-8000-000000000011',
 'Нормальный', 'Завершена', 'http://jabber.bx/view.php?id=242033', '2026-03-10'::timestamptz),
(gen_random_uuid(), 'call: 0242034: Быстро вкл/выкл скриншаринг - некорректное состояние',
 'a1b2c3d4-0110-4000-8000-000000000010', 'a1b2c3d4-0111-4000-8000-000000000011',
 'Нормальный', 'В работе', 'http://jabber.bx/view.php?id=242034', '2026-03-10'::timestamptz),
(gen_random_uuid(), 'call: 0242030: Увеличилась задержка доступности камеры при подключении',
 'a1b2c3d4-0110-4000-8000-000000000010', 'a1b2c3d4-0111-4000-8000-000000000011',
 'Нормальный', 'В работе', 'http://jabber.bx/view.php?id=242030', '2026-03-10'::timestamptz),
(gen_random_uuid(), 'im: 0242091: Без модуля call не создается чат видеоконференции',
 'a1b2c3d4-0110-4000-8000-000000000010', 'a1b2c3d4-0111-4000-8000-000000000011',
 'Нормальный', 'Завершена', 'http://jabber.bx/view.php?id=242091', '2026-03-10'::timestamptz),
(gen_random_uuid(), 'call: 0242120: Автостарт фоллоуапа при деинсталлированном baas',
 'a1b2c3d4-0110-4000-8000-000000000010', 'a1b2c3d4-0110-4000-8000-000000000010',
 'Нормальный', 'Завершена', 'http://jabber.bx/view.php?id=242120', '2026-03-10'::timestamptz),
(gen_random_uuid(), 'call: 0242218: В групповом чате 3+ все заняты - звонок не завершается',
 'a1b2c3d4-0110-4000-8000-000000000010', 'a1b2c3d4-0111-4000-8000-000000000011',
 'Нормальный', 'В работе', 'http://jabber.bx/view.php?id=242218', '2026-03-10'::timestamptz),
(gen_random_uuid(), 'callcontroller: 0242340: Бесконечный реконнект при 30+ участниках',
 'a1b2c3d4-0110-4000-8000-000000000010', 'a1b2c3d4-0111-4000-8000-000000000011',
 'Критический', 'Завершена', 'http://jabber.bx/view.php?id=242340', '2026-03-10'::timestamptz),
(gen_random_uuid(), 'call: 0242344: При добавлении участника в 1-1 свой видеопоток пустой',
 'a1b2c3d4-0110-4000-8000-000000000010', 'a1b2c3d4-0111-4000-8000-000000000011',
 'Нормальный', 'Завершена', 'http://jabber.bx/view.php?id=242344', '2026-03-10'::timestamptz);

-- TASKS: P11 (20.03-26.03.2026) — 5 tasks, 4 crit
INSERT INTO tasks (id, title, creation_period_id, active_period_id, priority, status, link, created_at) VALUES
(gen_random_uuid(), 'call: 0242709: При переходе из 1-1 в групповой - отсутствует callToken',
 'a1b2c3d4-0111-4000-8000-000000000011', 'a1b2c3d4-0111-4000-8000-000000000011',
 'Критический', 'В работе', 'http://jabber.bx/view.php?id=242709', '2026-03-20'::timestamptz),
(gen_random_uuid(), 'call: 0242708: Внутренняя ошибка приложения. Код ошибки undefined',
 'a1b2c3d4-0111-4000-8000-000000000011', 'a1b2c3d4-0111-4000-8000-000000000011',
 'Критический', 'В работе', 'http://jabber.bx/view.php?id=242708', '2026-03-20'::timestamptz),
(gen_random_uuid(), 'call: 0242747: При неуспешном реконнекте карточка остается в звонке',
 'a1b2c3d4-0111-4000-8000-000000000011', 'a1b2c3d4-0111-4000-8000-000000000011',
 'Критический', 'В работе', 'http://jabber.bx/view.php?id=242747', '2026-03-20'::timestamptz),
(gen_random_uuid(), 'call: 0242747: При неуспешном реконнекте карточка остается (дубль в документе)',
 'a1b2c3d4-0111-4000-8000-000000000011', 'a1b2c3d4-0111-4000-8000-000000000011',
 'Критический', 'В работе', 'http://jabber.bx/view.php?id=242747', '2026-03-20'::timestamptz),
(gen_random_uuid(), 'callmobile: 0242696: Toast с ошибкой звонка может пропасть сразу',
 'a1b2c3d4-0111-4000-8000-000000000011', 'a1b2c3d4-0111-4000-8000-000000000011',
 'Нормальный', 'Завершена', 'http://jabber.bx/view.php?id=242696', '2026-03-20'::timestamptz);

-- ============================================================
-- PERIOD STATISTICS (11 records)
-- ============================================================

INSERT INTO period_statistics (
  id, period_id,
  added_to_backlog, added_critical, added_non_critical,
  resolved_total, resolved_critical, resolved_non_critical,
  in_progress, in_testing, in_block, wip_total,
  total_problems_cumulative, completed_cumulative,
  uncompleted, uncompleted_critical, uncompleted_non_critical,
  comment, locked_at, created_at
) VALUES
(gen_random_uuid(),
 'a1b2c3d4-0101-4000-8000-000000000001',
 93, 48, 45,
 0, 0, 0,
 0, 0, 0, 0,
 93, 0,
 93, 48, 45,
 'Начальный бэклог эпика. 93 тикета, 48 критических.',
 '2026-01-08T18:00:00+03:00'::timestamptz,
 '2026-01-08T18:00:00+03:00'::timestamptz
),
(gen_random_uuid(),
 'a1b2c3d4-0102-4000-8000-000000000002',
 2, 1, 1,
 2, 2, 0,
 7, 2, 0, 9,
 95, 2,
 93, 47, 46,
 'Первые решённые задачи по аналитике. WIP = 9.',
 '2026-01-15T18:00:00+03:00'::timestamptz,
 '2026-01-15T18:00:00+03:00'::timestamptz
),
(gen_random_uuid(),
 'a1b2c3d4-0103-4000-8000-000000000003',
 18, 10, 8,
 7, 5, 2,
 16, 7, 0, 23,
 107, 9,
 98, 47, 51,
 'WIP превышает Done. Рост критических > решённых. Фокус: снизить WIP, увеличить Done.',
 '2026-01-22T18:00:00+03:00'::timestamptz,
 '2026-01-22T18:00:00+03:00'::timestamptz
),
(gen_random_uuid(),
 'a1b2c3d4-0104-4000-8000-000000000004',
 8, 3, 5,
 15, 10, 5,
 10, 8, 8, 18,
 115, 24,
 91, 40, 51,
 'Поток развернулся: скорость выполнения превысила входящий поток. Backlog и критические снизились.',
 '2026-01-29T18:00:00+03:00'::timestamptz,
 '2026-01-29T18:00:00+03:00'::timestamptz
),
(gen_random_uuid(),
 'a1b2c3d4-0105-4000-8000-000000000005',
 5, 3, 2,
 10, 6, 4,
 11, 18, 4, 29,
 120, 34,
 86, 37, 49,
 'Поток положительный. Рост WIP за счёт тестирования. Фокус: разгрузка теста.',
 '2026-02-05T18:00:00+03:00'::timestamptz,
 '2026-02-05T18:00:00+03:00'::timestamptz
),
(gen_random_uuid(),
 'a1b2c3d4-0106-4000-8000-000000000006',
 13, 8, 5,
 20, 14, 6,
 10, 9, 3, 19,
 139, 54,
 85, 35, 50,
 'Самая результативная неделя (20 проблем). Критические снижаются. Фокус: поток +5, критические <30.',
 '2026-02-12T18:00:00+03:00'::timestamptz,
 '2026-02-12T18:00:00+03:00'::timestamptz
),
(gen_random_uuid(),
 'a1b2c3d4-0107-4000-8000-000000000007',
 13, 8, 5,
 26, 20, 6,
 8, 5, 3, 13,
 152, 80,
 72, 25, 47,
 'Все цели выполнены: решили больше чем добавилось, критичных <30, WIP в диапазоне.',
 '2026-02-19T18:00:00+03:00'::timestamptz,
 '2026-02-19T18:00:00+03:00'::timestamptz
),
(gen_random_uuid(),
 'a1b2c3d4-0108-4000-8000-000000000008',
 17, 5, 12,
 5, 1, 4,
 9, 4, 3, 13,
 169, 85,
 84, 29, 55,
 'Локальный откат: backlog 72-84. Критические 25-29, ниже 30. Короткая неделя.',
 '2026-02-26T18:00:00+03:00'::timestamptz,
 '2026-02-26T18:00:00+03:00'::timestamptz
),
(gen_random_uuid(),
 'a1b2c3d4-0109-4000-8000-000000000009',
 13, 3, 10,
 18, 7, 11,
 16, 7, 3, 23,
 182, 103,
 79, 25, 54,
 'Вернулись к показателям до выходных. Критические стабильны на 25.',
 '2026-03-06T18:00:00+03:00'::timestamptz,
 '2026-03-06T18:00:00+03:00'::timestamptz
),
(gen_random_uuid(),
 'a1b2c3d4-0110-4000-8000-000000000010',
 23, 6, 17,
 25, 11, 14,
 12, 5, 3, 17,
 205, 128,
 77, 20, 57,
 'Фаза баланса: поток положительный, критические почти выжжены, WIP под контролем.',
 '2026-03-19T18:00:00+03:00'::timestamptz,
 '2026-03-19T18:00:00+03:00'::timestamptz
),
(gen_random_uuid(),
 'a1b2c3d4-0111-4000-8000-000000000011',
 5, 4, 1,
 16, 8, 8,
 9, 9, 8, 18,
 216, 144,
 72, 21, 51,
 'Критичные: рост на 1 из-за переквалификации. Остались сложные - 21 тикет, 8 в работе.',
 '2026-03-26T18:00:00+03:00'::timestamptz,
 '2026-03-26T18:00:00+03:00'::timestamptz
);
